{
    "fit_time": [
        16.07504439353943,
        14.8118155002594
    ],
    "score_time": [
        0.05266094207763672,
        0.06016898155212402
    ],
    "test_score": [
        0.4546141755856938,
        0.3904294277471405
    ],
    "train_score": [
        0.42775018062523723,
        0.5967216104561974
    ]
}