{
    "fit_time": [
        59.5557701587677,
        54.44885849952698,
        56.521976470947266
    ],
    "score_time": [
        0.08981704711914062,
        0.10504555702209473,
        0.10293388366699219
    ],
    "test_score": [
        0.463174772663248,
        0.4615288069927555,
        0.16081567776456107
    ],
    "train_score": [
        0.4314014629607057,
        0.45625225266584934,
        0.6293142729889725
    ]
}