{
    "fit_time": [
        6.047466039657593,
        5.764362573623657
    ],
    "score_time": [
        0.1466050148010254,
        0.1774587631225586
    ],
    "test_score": [
        0.5380402347682538,
        0.2479722663207542
    ],
    "train_score": [
        0.4354007752278844,
        0.6594871613691375
    ]
}