{
    "fit_time": [
        955.7842223644257,
        953.6873483657837,
        959.298422574997
    ],
    "score_time": [
        0.39910316467285156,
        0.5637466907501221,
        0.24222636222839355
    ],
    "test_score": [
        0.7603809984774621,
        0.7698451795085504,
        0.5678654456570065
    ],
    "train_score": [
        0.9990733523366262,
        0.9989956336842304,
        0.9992332662947567
    ]
}